{"rho": [[-0.7629560877636417, 0.19342569828493872], [-2.439853350449087, 0.32606052831009086], [-2.3308229406745156, 0.4900424629775126], [-2.415283541557311, 0.26065123723172323], [-2.390900582353434, 0.35993191459383317], [-2.3279859405087797, 0.3863453011783135], [-2.280173230262, 0.2378611461859721], [-2.132682382730977, 0.5012790196988377], [-2.278031002212195, 0.2667068318270775], [-2.2336519689534677, 0.3565451228786658], [-2.250054164963614, 0.3117715596380716], [-2.223599746428827, 0.3374852939874815], [-1.9380495008181664, 0.5605896888222305], [-2.262636654264809, 0.26967456868616163], [-2.1517421308985134, 0.4208815786260817], [-2.3739315706561337, 0.4233888075694519], [-2.1950267970599384, 0.381174171734118], [-2.138183400695323, 0.4368385814874885], [-2.2282254211375276, 0.3899656004763931], [-2.1626757832618835, 0.3827109363301704], [-2.2852552123322316, 0.29701053642307185], [-2.035188694647984, 0.710008924795992], [-2.1745565105169007, 0.37013061348096155], [-2.0744433669404936, 0.26624623773710077], [-2.1217215843631627, 0.4164998395944846]], "sigma_d": [[-3.696763739847937, 0.20747783218514826], [-0.6978938862737094, 0.07597498737398166], [-0.12326287887407653, 0.09924711114279994], [0.19418218653665034, 0.12242876337180879], [0.4871864092957961, 0.13478839519881633], [0.6703764465192629, 0.14957264170916573], [0.7716851512484489, 0.11860994961739012], [0.8995238595113548, 0.09380999061961784], [1.1039374423476986, 0.10042488227138661], [1.1894919473724106, 0.14806817021185692], [1.2763296481131015, 0.13771187305105312], [1.334198125598821, 0.11599680162093261], [1.3104226286980132, 0.1274523645583816], [1.371244749014796, 0.14122702457776862], [1.3559475743329714, 0.4876337033060632], [1.5420017805384698, 0.1732869301536974], [1.496359272668428, 0.19608710928301784], [1.5330449011316367, 0.17741783499689628], [1.571907282486285, 0.17645202265743415], [1.6069853792602369, 0.11203658118724595], [1.5996455621961696, 0.23029265809919194], [1.5041408550163204, 0.4366026671416868], [1.6639074897158932, 0.1261833009261397], [1.5048201497155602, 0.48686000379475664], [1.6453683447585523, 0.16294979864464784]], "l_d": [[-2.535664949048711, 0.09316196481243115], [-1.6131754526237057, 0.09688000953945006], [-1.434476790859176, 0.09081106250976176], [-1.3556325892574763, 0.1185556438731319], [-1.3223837209238989, 0.09806674772796065], [-1.2467425957682048, 0.09108651638275245], [-1.185224557019507, 0.12169480748448973], [-1.1775299976098421, 0.08269144906029531], [-1.2092153365819063, 0.12332916453450712], [-1.1728865911214708, 0.18492591274203907], [-1.1816467114337366, 0.14726572692105133], [-1.1720196333614479, 0.12517073750163135], [-1.134949470120071, 0.1364708417505377], [-1.085435922411068, 0.12392427984681322], [-1.2072066536000567, 0.34683828058891364], [-1.185139145461203, 0.18080542966670896], [-1.1316036033662515, 0.09483138904351823], [-1.0764815090574555, 0.20390802759354804], [-1.1388077088986486, 0.1812414746193582], [-1.1597994465926333, 0.14333777516065538], [-1.1497553124476945, 0.16956604085985488], [-1.1423067696763434, 0.25182859497792986], [-1.1685393357795946, 0.15392688289431486], [-1.147465415593395, 0.31704481444055577], [-1.1167240710383006, 0.20688447067932744]]}