{"rho": [[-0.15879656801951292, 0.17041217404660558], [-2.14092063171462, 0.3653880753682895], [-2.137394513295362, 0.2855036015926831], [-2.3166886348340023, 0.1866424650096627], [-2.5954468391590195, 0.27983563610263523], [-2.474706461415524, 0.08228622473483306], [-2.5683633336906144, 0.23726829768889873], [-2.7261946689861576, 0.2387744881878178], [-2.581758293890079, 0.25700058135346293], [-2.722117283967991, 0.30484722674192427], [-2.693075640763131, 0.15646207070905302], [-2.8050659384966092, 0.2880358356279563], [-2.8632249442166, 0.17382176698832302], [-2.9821041533103907, 0.24146935576249504], [-2.78707235361309, 0.3496939356423122]], "sigma_d": [[-3.8363822465672777, 0.06742539446909457], [-0.9072113568269919, 0.47970439263015213], [-0.6700668199403915, 0.1693501008381698], [-0.5118978068327776, 0.44870266070668974], [-0.0961536402495049, 0.42532233396502817], [-0.11326050963698717, 0.30255621760621415], [0.17885520848002884, 0.2694881117984312], [0.3395207729923301, 0.6182429169445938], [0.35008253406968126, 0.36638256201755326], [0.32365759532453675, 0.4644568626772626], [0.4153309045402131, 0.17545890355577015], [0.4366185079954463, 0.4452543912499406], [0.5499241638021488, 0.34320554676901194], [0.7836482734277579, 0.5591950160348965], [0.40856256635393784, 0.4184402351064324]], "l_d": [[-2.57426276696843, 0.06922352288343334], [-2.056331147878777, 0.4223997090876753], [-2.1950641079429802, 0.5011327834850156], [-2.162049297805624, 0.341711839814893], [-2.018740009548057, 0.40078324827346895], [-1.8741612288162315, 0.5312678363425403], [-2.159514801958254, 0.3247364894748845], [-2.0458248239016155, 0.4812771282233428], [-2.081477138961673, 0.5021830991512063], [-2.3050397198514565, 0.317823631203761], [-2.492700674690462, 0.42136605231528573], [-2.2088749760633544, 0.387861287677455], [-2.2239873146417417, 0.41157860683393377], [-2.4442236918317457, 0.4310278145460457], [-2.1566531104781896, 0.4009283141912386]]}