{"rho": [[-0.8442275658840362, 0.18826693201829228], [-2.4344557323553486, 0.39585344575954506], [-2.5523885327030835, 0.2235871471963727], [-2.2462468919779903, 0.4927518519539177], [-2.432383548061273, 0.24650011250864448], [-2.1945246586631795, 0.32756787995490555], [-2.2287128194668444, 0.5226703696943861], [-2.2485389744392097, 0.2681404274924159], [-2.2382158191654176, 0.2943503880564006], [-2.202510940175975, 0.45732192587898873], [-2.227584217130243, 0.3857585394907823], [-2.082782208872151, 0.3624350594610173], [-2.2200573139700905, 0.29507987555151444], [-2.087918436443398, 0.48601222655266496], [-2.237436397127556, 0.5415815603912342], [-2.0720975373536694, 0.2737830282066924], [-2.111264635318673, 0.5300716418392545], [-2.0950529837642757, 0.45156575829236595], [-2.1915112654666387, 0.31920604900050065], [-2.0735565008363985, 0.4689722505502128], [-2.132133283867563, 0.525490148769208], [-2.004015595234195, 0.40147814573176627], [-2.162040378554746, 0.4692795269353411], [-2.2747458540621532, 0.41905928876806364], [-2.1354710850070893, 0.574015502690942]], "sigma_d": [[-3.728083407676029, 0.17570133608720645], [-0.7102757136155343, 0.09148462292583211], [-0.15086946665621712, 0.11563317038631175], [0.2081180573875432, 0.12630279280246826], [0.49499356803492445, 0.1336445170301751], [0.6566227535162098, 0.13185406909691105], [0.7877197546271943, 0.21895133846121104], [0.9407980686625489, 0.14793542196330464], [1.0547579935153497, 0.1026263826846216], [1.185476411201921, 0.12870576517784546], [1.1783790986759142, 0.3062002547486649], [1.3237283579896906, 0.09275384033083459], [1.3600363537657543, 0.07011223598782737], [1.3956845813695806, 0.2806049183370282], [1.3910238008280866, 0.4523725603062223], [1.3930486206061978, 0.2330586052906587], [1.5494093874534056, 0.13816197770479752], [1.5509117279412894, 0.09747231221595], [1.5670544941793831, 0.18190067196213017], [1.6351684681409502, 0.12198966044520525], [1.6590005096320304, 0.11625568106877317], [1.5590650663144192, 0.2904278062097113], [1.6627858719610753, 0.15727014390954253], [1.7125180489422516, 0.15753426639160742], [1.5584852025227547, 0.493413734541819]], "l_d": [[-2.4976277422177566, 0.10611847277047333], [-1.623702392925146, 0.10067285538185311], [-1.4532301371482634, 0.11972626698614451], [-1.3108707816460388, 0.1215464241032748], [-1.29312952798731, 0.0968672264470543], [-1.2367435445583828, 0.09829668026044984], [-1.261986925338248, 0.2077563814417548], [-1.1944928083790847, 0.1446997024680773], [-1.1535756734971452, 0.10936021275435387], [-1.1893331541436296, 0.10796772529953498], [-1.2036940454050953, 0.3243522059258675], [-1.1547497891773386, 0.138220397269535], [-1.1175613786363985, 0.10487515071679633], [-1.1615102315498906, 0.18062902972586886], [-1.2131142621667224, 0.2334294646724357], [-1.0892902422995614, 0.16809325631555125], [-1.0938455062620014, 0.1500450665562255], [-1.1195652508196399, 0.1219174933797826], [-1.1427730316446396, 0.16900574023578763], [-1.124384692713765, 0.17598043690053328], [-1.1391998406655446, 0.18779275320389588], [-1.1264847004637484, 0.23884905240400936], [-1.085287499417173, 0.22789818991282382], [-1.1732716720894305, 0.20899870446549787], [-1.2317602079807042, 0.2123098799664661]]}